Protocollo;Gruppo;DataOraIncidente;Localizzazione1;STRADA1;Localizzazione2;STRADA2;Strada02;Chilometrica;DaSpecificare;NaturaIncidente;particolaritastrade;TipoStrada;FondoStradale;Pavimentazione;Segnaletica;CondizioneAtmosferica;Traffico;Visibilita;Illuminazione;NUM_FERITI;NUM_RISERVATA;NUM_MORTI;NUM_ILLESI;Longitudine;Latitudine;Confermato;Progressivo;TipoVeicolo;StatoVeicolo;Marca;Modello;TipoPersona;AnnoNascita;Sesso;Tipolesione;Deceduto;DecedutoDopo;CinturaCascoUtilizzato;Airbag
3445326;1;04/09/2017 10:20;Strada Urbana;VIA ELENIANA;in corrispondenza;;del civico n.;2 B;;Scontro laterale fra veicoli in marcia;Rettilineo;Una carreggiata a doppio senso;Asciutto;Asfaltata;Verticale ed orizzontale;Sereno;Normale;Buona;Ore Diurne;1;0;0;1;;;0;2;Velocipede;In marcia / fermata / arresto;(non accertato);(non accertato);Conducente;1970;F;Rimandato;0;NON DECEDUTO;Esente;
3447977;3;05/09/2017 20:50;Strada Urbana;VIA LIVORNO;all'intersezione con;VIA GIUSEPPE PITRE';VIA GIUSEPPE PITRE';;;Scontro frontale/laterale DX fra veicoli in marcia;Incrocio;Due carreggiate;Asciutto;Asfaltata;Verticale ed orizzontale;Sereno;Normale;Buona;Sufficiente;3;0;0;0;;;0;1;Velocipede;In marcia / fermata / arresto;Atala;(ignoto);Conducente;1985;M;Rimandato;0;NON DECEDUTO;Esente;
3448967;1;06/09/2017 17:45;Strada Urbana;LUNGOTEVERE DE' CENCI;in prossimità;;del palo luce n.;11;;Veicolo in marcia contro veicolo in sosta;Rettilineo;Una carreggiata a senso unico di marcia;Asciutto;Asfaltata;Verticale ed orizzontale;Sereno;Normale;Buona;Ore Diurne;0;0;0;4;;;0;2;Velocipede;In marcia / fermata / arresto;Cube;(non accertato);Conducente;1972;M;Illeso;0;;Esente;
3449770;11;07/09/2017 15:30;Strada Urbana;VIA OSTIENSE;in prossimità;;del civico n.;40A;;Ribaltamento senza urto contro ostacolo fisso;Sottopasso illuminato;Più di due carreggiate;Asciutto;Asfaltata;Verticale ed orizzontale;Sereno;Normale;Buona;Ore Diurne;1;0;0;0;12,48016;41,8732;0;1;Velocipede;In marcia / fermata / arresto;Collalti;(ignoto);Conducente;1950;M;Rimandato;0;NON DECEDUTO;Esente;
3450628;1;07/09/2017 16:30;Strada Urbana;PIAZZALE NUMA POMPILIO;all'intersezione semaforizzata con;VIALE DELLE TERME DI CARACALLA;VIALE DELLE TERME DI CARACALLA;;;Tamponamento Multiplo;Intersezione semaforizzata;Una carreggiata a doppio senso;Asciutto;Asfaltata;Verticale ed orizzontale;Sereno;Intenso;Buona;Ore Diurne;1;0;0;3;;;0;3;Velocipede;In marcia / fermata / arresto;SCOTT;(non accertato);Conducente;1939;M;Rimandato;0;NON DECEDUTO;Esente;
3454623;4;09/09/2017 09:30;Strada Urbana;VIA DELLA CECCHINA;da specificare;;;;altezza svincolo per via F. Sacchetti;Scontro laterale fra veicoli in marcia;Rettilineo;Una carreggiata a doppio senso;Asciutto;Asfaltata;Verticale;Sereno;Scarso;Buona;Ore Diurne;1;0;0;1;12,54215;41,94759;0;2;Velocipede;In marcia / fermata / arresto;RockRider;(ignoto);Conducente;1960;M;Ricoverato;0;NON DECEDUTO;Esente;
3456775;7;12/09/2017 17:10;Strada Urbana;VIA DAVIDE CAMPARI;da specificare;;;;PONTE ADIACENTE VIA BARBISIO;Scontro laterale fra veicoli in marcia;Rettilineo;Una carreggiata a doppio senso;Asciutto;Asfaltata;Assente;Sereno;Normale;Buona;Ore Diurne;1;0;0;1;12,58851;41,88574;-1;2;Velocipede;In marcia / fermata / arresto;(non accertato);Mountain Bike;Conducente;1958;M;Rimandato;0;NON DECEDUTO;Esente;
3458018;23;12/09/2017 08:47;Strada Urbana;VIA ERMANNO WOLF FERRARI;in corrispondenza;;del civico n.;350;;Scontro frontale/laterale DX fra veicoli in marcia;Rettilineo;Una carreggiata a doppio senso;Asciutto;Asfaltata;Orizzontale;Sereno;Normale;Buona;Ore Diurne;0;0;0;2;12,37089;41,75407;0;2;Velocipede;In marcia / fermata / arresto;(non accertato);(non accertato);Conducente;1987;M;Illeso;0;;Esente;
3458360;23;12/09/2017 10:10;Strada Urbana;VIA ESCHILO;in prossimità;;del civico n.;58;;Infortunio per caduta del veicolo;Rettilineo;Una carreggiata a doppio senso;Asciutto;Asfaltata;Verticale ed orizzontale;Sereno;Scarso;Buona;Ore Diurne;1;0;0;0;12,37157;41,76462;-1;1;Velocipede;In marcia / fermata / arresto;(ignoto);(non accertato);Conducente;2000;M;Rimandato;0;NON DECEDUTO;Esente;
3458957;10;13/09/2017 19:00;;VIA APPIA NUOVA;in prossimità;;del civico n.;1009;;Scontro frontale/laterale DX fra veicoli in marcia;;;;;;;;;;0;0;0;2;;;0;2;Velocipede;In marcia / fermata / arresto;(ignoto);(non accertato);Conducente;1979;M;Illeso;0;;Esente;
3460156;13;14/09/2017 08:40;;VIA CAPO PALINURO;all'intersezione con;PIAZZA FRANCESCO CONTEDUCA;PIAZZA FRANCESCO CONTEDUCA;;;Tamponamento;;;;;;;;;;1;0;0;2;;;0;2;Velocipede;In marcia / fermata / arresto;(ignoto);(non accertato);Conducente;1931;M;Rimandato;0;NON DECEDUTO;Esente;
3463519;1;16/09/2017 15:45;Strada Urbana;PIAZZA VENEZIA;all'intersezione con;PIAZZA DI S. MARCO;PIAZZA DI S. MARCO;;;Scontro frontale/laterale SX fra veicoli in marcia;Incrocio;Una carreggiata a doppio senso;Asciutto;In cubetti di porfido;Verticale;Nuvoloso;Normale;Buona;Ore Diurne;0;0;0;2;;;0;2;Velocipede;In marcia / fermata / arresto;B Twin;(ignoto);Conducente;1988;F;Illeso;0;;Esente;
3463811;2;17/09/2017 12:55;Strada Urbana;LARGO SOMALIA;in corrispondenza;;del civico n.;70;;Tamponamento;Rettilineo;Una carreggiata a doppio senso;Asciutto;Asfaltata;Orizzontale;Sereno;Scarso;Buona;Ore Diurne;1;0;0;4;12,51445;41,93584;0;2;Velocipede;In marcia / fermata / arresto;BTWIN;(ignoto);Conducente;1971;M;Rimandato;0;NON DECEDUTO;Esente;
3464572;18;16/09/2017 07:30;Strada Urbana;VIA GREGORIO VII;da specificare;;;;FRONTE CIVICO 480;Veicolo in marcia contro ostacolo accidentale;Rettilineo;Più di due carreggiate;Asciutto;Asfaltata;Verticale ed orizzontale;Sereno;Scarso;Buona;Ore Diurne;1;0;0;1;12,44068;41,89613;0;2;Velocipede;In marcia / fermata / arresto;Cube;(non accertato);Conducente;1969;M;Rimandato;0;NON DECEDUTO;Esente;
3466166;11;18/09/2017 11:35;Strada Urbana;VIA ARDEATINA;da specificare;;;;in prossimità via casale delle cornacchiole;Scontro laterale fra veicoli in marcia;Rettilineo;Una carreggiata a doppio senso;Asciutto;Asfaltata;Verticale ed orizzontale;Sereno;Normale;Buona;Ore Diurne;1;0;0;2;;;0;2;Velocipede;In marcia / fermata / arresto;(non accertato);(ignoto);Conducente;1972;M;Rimandato;0;NON DECEDUTO;Esente;
3466320;7;18/09/2017 14:30;Strada Urbana;VIA PIETRO FUMAROLI;all'intersezione con;VIA ARISTIDE STADERINI;VIA ARISTIDE STADERINI;;;Scontro frontale fra veicoli in marcia;Incrocio;Una carreggiata a senso unico di marcia;Asciutto;Asfaltata;Verticale ed orizzontale;Sereno;Normale;Buona;Ore Diurne;0;0;0;2;12,58722;41,89162;0;2;Velocipede;In marcia / fermata / arresto;.DA UOMO;DECATLON;Conducente;1980;M;Illeso;0;;Esente;
3468092;5;19/09/2017 16:05;;VIALE PALMIRO TOGLIATTI;da specificare;;;;DIREZIONE A24 ALT. RAMPA IMMISSIONE DA VIA TIBURTI;Scontro laterale fra veicoli in marcia;;;;;;;;;;1;0;0;0;;;0;2;Velocipede;In marcia / fermata / arresto;(ignoto);(non accertato);Conducente;0;F;Rimandato;0;NON DECEDUTO;Esente;
3468630;1;18/09/2017 10:00;Strada Urbana;VIALE ENRICO DE NICOLA;in prossimità;;del palo luce n.;161;;Tamponamento;Rettilineo;Più di due carreggiate;Asciutto;Asfaltata;Assente;Sereno;Normale;Buona;Ore Diurne;0;0;0;2;;;0;1;Velocipede;In marcia / fermata / arresto;Imperia;(ignoto);Conducente;2003;M;Illeso;0;;Esente;
3470139;2;20/09/2017 17:30;;VIA NIZZA;in corrispondenza;;del civico n.;136;;Scontro frontale/laterale DX fra veicoli in marcia;;;;;;;;;;1;0;0;2;;;0;2;Velocipede;In marcia / fermata / arresto;Chiorda;tipo donna;Conducente;1975;F;Ricoverato;0;NON DECEDUTO;Esente;
3473246;23;22/09/2017 10:10;;PIAZZALE CRISTOFORO COLOMBO;all'intersezione con;VIA CRISTOFORO COLOMBO;VIA CRISTOFORO COLOMBO;;;Scontro frontale/laterale DX fra veicoli in marcia;;;;;;;;;;0;0;0;3;;;0;2;Velocipede;In marcia / fermata / arresto;Free Time;(ignoto);Conducente;1963;M;Illeso;0;;Esente;
3474013;13;23/09/2017 17:00;;VIA DEI PESCATORI;in prossimità;;del civico n.;51;;Veicolo in marcia contro ostacolo fisso;;;;;;;;;;0;0;0;1;12,30196;41,72395;0;1;Velocipede;In marcia / fermata / arresto;Rossin;corsa;Conducente;1934;M;Illeso;0;;Esente;
3475007;20;24/09/2017 10:45;Strada Urbana;VIA DI VALLE MURICANA;da specificare;;;;fronte civ. 405;Infortunio per sola frenata improvvisa;Rettilineo;Una carreggiata a doppio senso;Asciutto;Asfaltata;Orizzontale;Sereno;Scarso;Buona;Ore Diurne;1;0;0;0;12,46988;42,02268;0;1;Velocipede;In marcia / fermata / arresto;Pinarello;(ignoto);Conducente;1970;M;Rifiuta cure immediate;0;NON DECEDUTO;Esente;
3475178;16;22/09/2017 15:40;;LARGO DI PORTA CAVALLEGGERI;in prossimità;;del civico n.;1;;Scontro laterale fra veicoli in marcia;;;;;;;;;;0;0;0;2;;;0;2;Velocipede;In marcia / fermata / arresto;esperia;(non accertato);Conducente;1995;F;Illeso;0;;Esente;
3478503;4;26/09/2017 10:15;;VIA SALARIA;in prossimità;;della chilometrica;12.3;;Scontro laterale fra veicoli in marcia;;;;;;;;;;0;0;0;2;12,51724;41,98601;0;2;Velocipede;In marcia / fermata / arresto;(ignoto);(non accertato);Conducente;1942;M;Illeso;0;;Esente;
3478546;4;26/09/2017 12:00;;VIA GARGANO;all'intersezione semaforizzata con;CORSO SEMPIONE;CORSO SEMPIONE;;;Veicolo in marcia contro ostacolo accidentale;;;;;;;;;;0;0;0;1;12,53425;41,93615;0;1;Velocipede;In marcia / fermata / arresto;RockRider;(non accertato);Conducente;1985;M;Illeso;0;;Esente;
3478683;12;27/09/2017 09:20;Strada Urbana;VIALE GUGLIELMO MARCONI;in prossimità;;del civico n.;700;;Scontro laterale fra veicoli in marcia;Rettilineo;Due carreggiate;Asciutto;Asfaltata;Orizzontale;Sereno;Normale;Buona;Ore Diurne;1;0;0;1;12,4785;41,84526;0;2;Velocipede;In marcia / fermata / arresto;Colnago;da corsa;Conducente;1992;M;Illeso;0;;Esente;
3480266;23;27/09/2017 08:40;;VIA CRISTOFORO COLOMBO;all'intersezione semaforizzata con;VIA DI MALAFEDE;VIA DI MALAFEDE;;;Infortunio per caduta del veicolo;;;;;;;;;;0;0;0;1;;;0;1;Velocipede;In marcia / fermata / arresto;Trek;(ignoto);Conducente;1965;M;Illeso;0;;Esente;
3481981;6;28/09/2017 20:15;Strada Urbana;VIA PRENESTINA;in prossimità;;del civico n.;39;;Scontro frontale/laterale DX fra veicoli in marcia;Rettilineo;Più di due carreggiate;Asciutto;Asfaltata;Orizzontale;Sereno;Scarso;Sufficiente;Insufficiente;2;0;0;0;;;0;1;Velocipede;In marcia / fermata / arresto;28;(ignoto);Conducente;1983;M;Rimandato;0;NON DECEDUTO;Esente;
3482169;2;28/09/2017 10:30;;VIA SALARIA;in corrispondenza;;del civico n.;292;;Scontro laterale fra veicoli in marcia;;;;;;;;;;1;0;0;2;;;0;1;Velocipede;In marcia / fermata / arresto;Atala;(ignoto);Conducente;0;F;Ricoverato;0;NON DECEDUTO;Esente;
3482778;18;29/09/2017 14:30;Strada Urbana;VIA CARDINALE OREGLIA;all'intersezione con;VIA DI BOCCEA;VIA DI BOCCEA;;;Scontro frontale/laterale DX fra veicoli in marcia;Intersezione stradale segnalata;Una carreggiata a doppio senso;Asciutto;Asfaltata;Verticale ed orizzontale;Sereno;Normale;Buona;Ore Diurne;0;0;0;2;12,42356;41,90274;0;2;Velocipede;In marcia / fermata / arresto;Top Gun;(non accertato);Conducente;1989;M;Illeso;0;;Esente;
3483462;19;29/09/2017 13:20;;VIA DEI MONTI DI PRIMAVALLE;in corrispondenza;;del civico n.;34;;Tamponamento;;;;;;;;;;1;0;0;1;12,41379;41,91312;0;2;Velocipede;In marcia / fermata / arresto;Shimado;(non accertato);Conducente;1982;M;Rimandato;0;NON DECEDUTO;Esente;
3483959;15;29/09/2017 17:45;;VIA DELLA MAGLIANA;all'intersezione semaforizzata con;VIA PIAN DUE TORRI;VIA PIAN DUE TORRI;;;Scontro laterale fra veicoli in marcia;;;;;;;;;;0;0;0;3;;;0;2;Velocipede;In marcia / fermata / arresto;da uomo;(non accertato);Conducente;0;M;Illeso;0;;Esente;
3484112;1;29/09/2017 15:05;Strada Urbana;VIA TOSCANA;all'intersezione con;VIA SICILIA;VIA SICILIA;;;Scontro frontale/laterale SX fra veicoli in marcia;;Una carreggiata a senso unico di marcia;Asciutto;Asfaltata;Verticale ed orizzontale;Sereno;Normale;Buona;Ore Diurne;0;0;0;2;;;0;2;Velocipede;In marcia / fermata / arresto;(non accertato);(non accertato);Conducente;1965;M;Illeso;0;;Esente;
3485688;2;30/09/2017 13:45;;VIA PANAMA;in prossimità;;del civico n.;58;;Scontro frontale/laterale SX fra veicoli in marcia;;;;;;;;;;1;0;0;1;;;0;2;Velocipede;In marcia / fermata / arresto;(ignoto);(ignoto);Conducente;0;M;Ricoverato;0;NON DECEDUTO;Esente;